Workbook

Sheet Data_Produk
A1: Kode | B1: Nama Produk | C1: Kategori | D1: Harga (Rp)
A2: P001 | B2: Kertas A4 80gsm | C2: ATK | D2: 52000
A3: P002 | B3: Tinta Printer Hitam | C3: ATK | D3: 185000
A4: P003 | B4: Map Plastik | C4: ATK | D4: 3500
A5: P004 | B5: Mouse Wireless | C5: Elektronik | D5: 125000
A6: P005 | B6: Keyboard USB | C6: Elektronik | D6: 160000
A7: P006 | B7: Flashdisk 64GB | C7: Elektronik | D7: 89000
A8: P007 | B8: Kursi Kantor | C8: Furnitur | D8: 1250000
A9: P008 | B9: Meja Lipat | C9: Furnitur | D9: 650000
A10: P009 | B10: Lemari Arsip | C10: Furnitur | D10: 2100000
A11: P010 | B11: Kopi Sachet (box) | C11: Pantry | D11: 48000
A12: P011 | B12: Air Mineral (dus) | C12: Pantry | D12: 42000
A13: P012 | B13: Gula 1kg | C13: Pantry | D13: 17500

Sheet Latihan
A1: No Transaksi | B1: Kode | C1: Qty | D1: Cabang | E1: Nama Produk | F1: Harga (Rp) | G1: Total (Rp) | I1: Isi kolom kuning pakai XLOOKUP. TRX-014 sengaja pakai kode yang nggak ada.
A2: TRX-001 | B2: P002 | C2: 11 | D2: Surabaya
A3: TRX-002 | B3: P009 | C3: 4 | D3: Jakarta
A4: TRX-003 | B4: P010 | C4: 20 | D4: Surabaya
A5: TRX-004 | B5: P007 | C5: 19 | D5: Surabaya
A6: TRX-005 | B6: P012 | C6: 16 | D6: Surabaya
A7: TRX-006 | B7: P008 | C7: 8 | D7: Jakarta
A8: TRX-007 | B8: P010 | C8: 3 | D8: Jakarta
A9: TRX-008 | B9: P005 | C9: 4 | D9: Bandung
A10: TRX-009 | B10: P001 | C10: 16 | D10: Surabaya
A11: TRX-010 | B11: P006 | C11: 7 | D11: Bandung
A12: TRX-011 | B12: P005 | C12: 12 | D12: Bandung
A13: TRX-012 | B13: P007 | C13: 17 | D13: Surabaya
... A26: TRX-025 | B26: P010 | C26: 8 | D26: Jakarta

Sheet Kunci Jawaban
A1: No Transaksi | B1: Kode | C1: Qty | D1: Cabang | E1: Nama Produk | F1: Harga (Rp) | G1: Total (Rp) | I1: Jawaban: XLOOKUP dengan argumen if_not_found.
A2: TRX-001 | B2: P002 | C2: 11 | D2: Surabaya | E2: =_xlfn.XLOOKUP(B2,Data_Produk!$A:$A,Data_Produk!$B:$B,"Tidak ada") | F2: =_xlfn.XLOOKUP(B2,Data_Produk!$A:$A,Data_Produk!$D:$D,0) | G2: =C2*F2
A3: TRX-002 | B3: P009 | C3: 4 | D3: Jakarta | E3: =_xlfn.XLOOKUP(B3,Data_Produk!$A:$A,Data_Produk!$B:$B,"Tidak ada") | F3: =_xlfn.XLOOKUP(B3,Data_Produk!$A:$A,Data_Produk!$D:$D,0) | G3: =C3*F3
A4: TRX-003 | B4: P010 | C4: 20 | D4: Surabaya | E4: =_xlfn.XLOOKUP(B4,Data_Produk!$A:$A,Data_Produk!$B:$B,"Tidak ada") | F4: =_xlfn.XLOOKUP(B4,Data_Produk!$A:$A,Data_Produk!$D:$D,0) | G4: =C4*F4
A5: TRX-004 | B5: P007 | C5: 19 | D5: Surabaya | E5: =_xlfn.XLOOKUP(B5,Data_Produk!$A:$A,Data_Produk!$B:$B,"Tidak ada") | F5: =_xlfn.XLOOKUP(B5,Data_Produk!$A:$A,Data_Produk!$D:$D,0) | G5: =C5*F5
A6: TRX-005 | B6: P012 | C6: 16 | D6: Surabaya | E6: =_xlfn.XLOOKUP(B6,Data_Produk!$A:$A,Data_Produk!$B:$B,"Tidak ada") | F6: =_xlfn.XLOOKUP(B6,Data_Produk!$A:$A,Data_Produk!$D:$D,0) | G6: =C6*F6
A7: TRX-006 | B7: P008 | C7: 8 | D7: Jakarta | E7: =_xlfn.XLOOKUP(B7,Data_Produk!$A:$A,Data_Produk!$B:$B,"Tidak ada") | F7: =_xlfn.XLOOKUP(B7,Data_Produk!$A:$A,Data_Produk!$D:$D,0) | G7: =C7*F7
A8: TRX-007 | B8: P010 | C8: 3 | D8: Jakarta | E8: =_xlfn.XLOOKUP(B8,Data_Produk!$A:$A,Data_Produk!$B:$B,"Tidak ada") | F8: =_xlfn.XLOOKUP(B8,Data_Produk!$A:$A,Data_Produk!$D:$D,0) | G8: =C8*F8
A9: TRX-008 | B9: P005 | C9: 4 | D9: Bandung | E9: =_xlfn.XLOOKUP(B9,Data_Produk!$A:$A,Data_Produk!$B:$B,"Tidak ada") | F9: =_xlfn.XLOOKUP(B9,Data_Produk!$A:$A,Data_Produk!$D:$D,0) | G9: =C9*F9
A10: TRX-009 | B10: P001 | C10: 16 | D10: Surabaya | E10: =_xlfn.XLOOKUP(B10,Data_Produk!$A:$A,Data_Produk!$B:$B,"Tidak ada") | F10: =_xlfn.XLOOKUP(B10,Data_Produk!$A:$A,Data_Produk!$D:$D,0) | G10: =C10*F10
A11: TRX-010 | B11: P006 | C11: 7 | D11: Bandung | E11: =_xlfn.XLOOKUP(B11,Data_Produk!$A:$A,Data_Produk!$B:$B,"Tidak ada") | F11: =_xlfn.XLOOKUP(B11,Data_Produk!$A:$A,Data_Produk!$D:$D,0) | G11: =C11*F11
A12: TRX-011 | B12: P005 | C12: 12 | D12: Bandung | E12: =_xlfn.XLOOKUP(B12,Data_Produk!$A:$A,Data_Produk!$B:$B,"Tidak ada") | F12: =_xlfn.XLOOKUP(B12,Data_Produk!$A:$A,Data_Produk!$D:$D,0) | G12: =C12*F12
A13: TRX-012 | B13: P007 | C13: 17 | D13: Surabaya | E13: =_xlfn.XLOOKUP(B13,Data_Produk!$A:$A,Data_Produk!$B:$B,"Tidak ada") | F13: =_xlfn.XLOOKUP(B13,Data_Produk!$A:$A,Data_Produk!$D:$D,0) | G13: =C13*F13
... A26: TRX-025 | B26: P010 | C26: 8 | D26: Jakarta | E26: =_xlfn.XLOOKUP(B26,Data_Produk!$A:$A,Data_Produk!$B:$B,"Tidak ada") | F26: =_xlfn.XLOOKUP(B26,Data_Produk!$A:$A,Data_Produk!$D:$D,0) | G26: =C26*F26

Sheet Tantangan
A1: Cabang | B1: Bulan | C1: Target (Rp) | E1: Cari target Bandung bulan Nov pakai XLOOKUP dua kriteria:
A2: Jakarta | B2: Okt | C2: 43000000 | E2: Bandung | F2: Nov | G2: (rumus di sini)
A3: Jakarta | B3: Nov | C3: 85000000
A4: Jakarta | B4: Des | C4: 73000000 | E4: Kunci: | G4: {=_xlfn.XLOOKUP(E2&F2,A2:A10&B2:B10,C2:C10)}
A5: Bandung | B5: Okt | C5: 82000000
A6: Bandung | B6: Nov | C6: 46000000
A7: Bandung | B7: Des | C7: 85000000
A8: Surabaya | B8: Okt | C8: 79000000
A9: Surabaya | B9: Nov | C9: 67000000
A10: Surabaya | B10: Des | C10: 70000000
