Workbook

Sheet Log Absensi
A1: Tanggal | B1: Nama | C1: Jam Masuk
A2: 46328 | B2: Andi | C2: 0.325
A3: 46328 | B3: Bunga | C3: 0.31388889
A4: 46328 | B4: Citra | C4: 0.33819444
A5: 46328 | B5: Dimas | C5: 0.33472222
A6: 46328 | B6: Eka | C6: 0.35486111
A7: 46328 | B7: Fajar | C7: 0.33263889
A8: 46328 | B8: Gita | C8: 0.33194444
A9: 46328 | B9: Hendra | C9: 0.3625
A10: 46328 | B10: Joko | C10: 0.31458333
A11: 46329 | B11: Andi | C11: 0.32847222
A12: 46329 | B12: Bunga | C12: 0.32430556
A13: 46329 | B13: Citra | C13: 0.32569444
... A185: 46353 | B185: Joko | C185: 0.325

Sheet Latihan
A1: Nama | B1: Hari Kerja | C1: Hadir | D1: Telat (>08:00) | E1: Alpa | F1: % Hadir | H1: Awal | I1: 46328
A2: Andi | H2: Akhir | I2: 46353
A3: Bunga | H3: Jam masuk | I3: 0.33333333
A4: Citra
A5: Dimas
A6: Eka
A7: Fajar
A8: Gita
A9: Hendra
A10: Intan
A11: Joko

Sheet Kunci Jawaban
A1: Nama | B1: Hari Kerja | C1: Hadir | D1: Telat (>08:00) | E1: Alpa | F1: % Hadir | H1: Awal | I1: 46328
A2: Andi | B2: =NETWORKDAYS($I$1,$I$2) | C2: =COUNTIFS('Log Absensi'!B:B,A2) | D2: =COUNTIFS('Log Absensi'!B:B,A2,'Log Absensi'!C:C,">"&$I$3) | E2: =B2-C2 | F2: =C2/B2 | H2: Akhir | I2: 46353
A3: Bunga | B3: =NETWORKDAYS($I$1,$I$2) | C3: =COUNTIFS('Log Absensi'!B:B,A3) | D3: =COUNTIFS('Log Absensi'!B:B,A3,'Log Absensi'!C:C,">"&$I$3) | E3: =B3-C3 | F3: =C3/B3 | H3: Jam masuk | I3: 0.33333333
A4: Citra | B4: =NETWORKDAYS($I$1,$I$2) | C4: =COUNTIFS('Log Absensi'!B:B,A4) | D4: =COUNTIFS('Log Absensi'!B:B,A4,'Log Absensi'!C:C,">"&$I$3) | E4: =B4-C4 | F4: =C4/B4
A5: Dimas | B5: =NETWORKDAYS($I$1,$I$2) | C5: =COUNTIFS('Log Absensi'!B:B,A5) | D5: =COUNTIFS('Log Absensi'!B:B,A5,'Log Absensi'!C:C,">"&$I$3) | E5: =B5-C5 | F5: =C5/B5
A6: Eka | B6: =NETWORKDAYS($I$1,$I$2) | C6: =COUNTIFS('Log Absensi'!B:B,A6) | D6: =COUNTIFS('Log Absensi'!B:B,A6,'Log Absensi'!C:C,">"&$I$3) | E6: =B6-C6 | F6: =C6/B6
A7: Fajar | B7: =NETWORKDAYS($I$1,$I$2) | C7: =COUNTIFS('Log Absensi'!B:B,A7) | D7: =COUNTIFS('Log Absensi'!B:B,A7,'Log Absensi'!C:C,">"&$I$3) | E7: =B7-C7 | F7: =C7/B7
A8: Gita | B8: =NETWORKDAYS($I$1,$I$2) | C8: =COUNTIFS('Log Absensi'!B:B,A8) | D8: =COUNTIFS('Log Absensi'!B:B,A8,'Log Absensi'!C:C,">"&$I$3) | E8: =B8-C8 | F8: =C8/B8
A9: Hendra | B9: =NETWORKDAYS($I$1,$I$2) | C9: =COUNTIFS('Log Absensi'!B:B,A9) | D9: =COUNTIFS('Log Absensi'!B:B,A9,'Log Absensi'!C:C,">"&$I$3) | E9: =B9-C9 | F9: =C9/B9
A10: Intan | B10: =NETWORKDAYS($I$1,$I$2) | C10: =COUNTIFS('Log Absensi'!B:B,A10) | D10: =COUNTIFS('Log Absensi'!B:B,A10,'Log Absensi'!C:C,">"&$I$3) | E10: =B10-C10 | F10: =C10/B10
A11: Joko | B11: =NETWORKDAYS($I$1,$I$2) | C11: =COUNTIFS('Log Absensi'!B:B,A11) | D11: =COUNTIFS('Log Absensi'!B:B,A11,'Log Absensi'!C:C,">"&$I$3) | E11: =B11-C11 | F11: =C11/B11
